English,日本語,en.json key
# Moves Per Rest,休憩ごとのムーブ数,
(on Success only),（成功時のみ）,
+1 to Armor Score; +1 to primary weapon damage within Melee range,鎧値＋1。近接射程のメイン武器ダメージ＋1,
+1 to attack rolls,攻撃ロール＋1,
+1 to Evasion,回避値＋1,
+1 to Presence,社交＋1,
+1 to Spellcast Rolls,呪文発動ロール＋1,
+{step} per step,段階ごとに＋{step},
-1 to Agility,素早さ−1,
"-1 to Agility; on a successful attack, all adversaries within Very Close range must mark a Stress.",素早さ−1。攻撃成功時、至近にいるすべての敵対者はストレスを1マークします。,
-1 to all character traits and Evasion,すべての特性と回避値に−1,
-1 to Evasion,回避値−1,
-1 to Evasion; + Weapon Tier to Severe damage threshold,回避値−1。重傷値に武器ティアを加算,
"-1 to Evasion; on a successful attack, roll an additional damage die and discard the lowest result.",回避値−1。攻撃成功時、ダメージダイスを追加で1個振り、最も低い出目を捨てます。,
-1 to Finesse,器用−1,
-2 to Evasion; -1 to Agility,回避値−2。素早さ−1,
<i>Missing</i>,<i>なし</i>,
@Resolve[@item.tier + 1|sign]{Add this Secondary Weapon's tier + 1} to primary weapon damage to targets within Melee range,@Resolve[@item.tier + 1|sign]{このサブ武器のティア＋1を加算}を、近接射程の対象へのメイン武器ダメージに加える,
@Resolve[@item.tier + 1|sign]{Gain Weapon Tier + 1} to Armor Score; -1 to Evasion,@Resolve[@item.tier + 1|sign]{武器ティア＋1を得る}を鎧値に加算。回避値−1,
@Resolve[@item.tier|sign]{Add the item's Tier} to Armor Score,@Resolve[@item.tier|sign]{アイテムのティアを加算}を鎧値に加える,
[Left Click] Increment Stacks,[左クリック] スタックを増やす,
[Middle Click] Keep tooltip view,[中クリック] ツールチップを表示したままにする,
[Right Click] Decrement Stacks,[右クリック] スタックを減らす,
[Right Click] Remove {thing},[右クリック] {thing} を削除,
[{names}] missing Actors,[{names}] にアクターがありません,
A beastform can only be applied to a Character.,ビーストフォームはキャラクターにのみ適用できます。,
A foe with Relentless can activate up to X times during a GM move so long as there are enough action tokens.,リレントレスを持つ敵は、アクショントークンが足りる限り、1回のGMムーブ中に最大X回起動できます。,
A foe with Slow costs X action tokens to activate.,スロウを持つ敵は、起動にアクショントークンをX消費します。,
A Horde represents a number of foes working in a group.,群れは、集団で動く複数の敵を表します。,
A new experience..,新しい経験…,
A token on the canvas must either be selected or hovered to spotlight it,スポットライトを当てるには、キャンバス上のトークンを選択またはホバーする必要があります,
A used armor slot normally reduces damage by one step. This value increases the number of steps damage is reduced by.,使用した鎧スロットは通常、ダメージを1段階軽減します。この値は軽減する段階数を増やします。,
Abilities,能力,
Ability,能力,
Action,アクション,
Action is missing,アクションがありません,
Action Points,アクションポイント,
Action Roll,アクションロール,
Action Selection,アクション選択,
Action Tokens,アクショントークン,
Actions,アクション,
Active,アクティブ,
Active Domain,有効なドメイン,
Active Effects,アクティブ効果,
Active Effects with set durations will automatically be removed when their durations are up,持続時間が設定されたアクティブ効果は、時間が切れると自動的に削除されます,
Active In Vault,保管庫でも有効,
Active w/ Armor,防具着用時に有効,
Actor Name,アクター名,
"Actor size is set, determining the dimensions",アクターサイズが設定されており、寸法が決まります,
Add 1d4 to damage,ダメージに1d4を加算,
Add Countdown,カウントダウンを追加,
Add GM Note,GMノートを追加,
Add Resource,リソースを追加,
Add single words or short text as reminders and hints of what a character has advantage on.,キャラクターが有利になる状況のメモとして、単語や短い文を追加します。,
Add single words or short text as reminders and hints of what a character has disadvantage on.,キャラクターが不利になる状況のメモとして、単語や短い文を追加します。,
Add the item's Tier to your Armor Score,アイテムのティアを鎧値に加えます,
Add this Secondary Weapon's tier + 1 to your primary weapon against targets within Melee range,近接射程の対象へのメイン武器に、このサブ武器のティア＋1を加えます,
Adds more structure to spotlight requests by ordering them from oldest to newest,スポットライトリクエストを古い順に並べ、より構造化します,
Adv,有利,
Advanced,上級,
Advanced automation such as triggering a popup for a wizard's Strange Patterns,ウィザードの奇妙な模様などのポップアップを出す高度な自動化,
Advancement Choices,成長の選択,
Advantage,有利,
Advantage Sources,有利の要因,
Advantage State,有利状態,
Advantages,有利,
Adversaries,敵対者,
Adversaries that are primarily interpersonal threats or challenges.,主に対人的な脅威や課題となる敵対者。,
Adversaries that attack from a distance.,距離を取って攻撃する敵対者。,
Adversaries that command and summon other adversaries.,他の敵対者を指揮・召喚する敵対者。,
Adversaries that maneuver and exploit opportunities to ambush their opponents.,機動し、機会を捉えて相手を待ち伏せする敵対者。,
Adversary,敵対者,
Adversary Default Defeated Status,敵対者の既定撃破状態,
Adversary Reaction Roll,敵対者リアクションロール,
Adversary Type,敵対者タイプ,
Affected Dispositions,影響する態度,
After Damage Reduction,ダメージ軽減の後,
"After you make an attack, roll a d6. On a result of 1, you must mark a Stress to reload this weapon before you can fire it again.",攻撃したあとd6を振ります。1が出たら、再び撃つ前にストレスを1マークしてこの武器をリロードする必要があります。,
Age,年齢,
AGI,AGI,
Agility,素早さ,
All Damage,すべてのダメージ,
Always,常に,
Amount,量,
An evolved beastform's token is based on that of the form you evolve,進化したビーストフォームのトークンは、進化元の形態のトークンに基づきます,
Analyze,分析する,
Ancestries,種族,
Ancestry,種族,
Ancestry Features,種族特徴,
And Either,または,
Animations,アニメーション,
Any,すべて,
Appearance Settings,外観設定,
Applied By: {by},付与者：{by},
Applied even if save succeeded,セーヴ成功時でも適用,
Applied To,適用先,
Apply Damage/Healing,ダメージ／治癒を適用,
Apply Effects,効果を適用,
Apply Effects - {name},効果を適用 - {name},
Apply Healing,治癒を適用,
Apply variant rules from the Daggerheart system,ダガーハートシステムの選択ルールを適用します,
Arcana,アルカナ,
Are you sure you want to cancel the Group Roll? This will close it for all other players too.,グループロールをキャンセルしますか？他のプレイヤーの画面も閉じられます。,
Are you sure you want to cancel the Tag Team Roll? This will close it for all other players too.,タッグチームロールをキャンセルしますか？他のプレイヤーの画面も閉じられます。,
Are you sure you want to continue?,続行しますか？,
Are you sure you want to delete the item?,このアイテムを削除しますか？,
Are you sure you want to delete the resource?,このリソースを削除しますか？,
Are you sure you want to delete the {name} domain? It will be immediately removed from all Actors in this world where it's currently used. Compendiums are not cleared.,ドメイン「{name}」を削除しますか？このワールドで使用中のすべてのアクターから直ちに削除されます。辞典はクリアされません。,
Are you sure you want to delete the {trigger} trigger?,トリガー「{trigger}」を削除しますか？,
Are you sure you want to delete {name}?,{name} を削除しますか？,
Are you sure you want to remove the countdown: {name}?,カウントダウン「{name}」を削除しますか？,
Are you sure you want to remove {name} from the party?,{name} をパーティから外しますか？,
Are you sure you want to reroll the reload check?,リロード判定を振り直しますか？,
Are you sure you want to reroll?,振り直しますか？,
Are you sure you want to reset the {settings}?,{settings} をリセットしますか？,
Are you sure you want to reset?,リセットしますか？,
Area Hole,範囲の穴,
Areas,範囲,
Armor,防具,
Armor can only be used to reduce magical damage,防具は魔法ダメージの軽減にのみ使えます,
Armor can only be used to reduce physical damage,防具は物理ダメージの軽減にのみ使えます,
Armor Feature,防具特徴,
Armor Features,防具特徴,
Armor Interaction,防具との相互作用,
Armor Score,鎧値,
Armor Score (Max),鎧値（最大）,
Armor Score (Min),鎧値（最小）,
Armor Slot,鎧スロット,
Armor Slots,鎧スロット,
Armored,装甲,
Armors,防具,
Artist,アーティスト,
Artwork By: {artist},イラスト：{artist},
AS,AS,
Assign as Tag Roll,タッグロールとして割り当て,
"At Level 2, gain an additional Experience at +2 and gain a +1 bonus to your Proficiency.",レベル2で、＋2の経験を追加で1つ得て、習熟に＋1します。,
"At Level 5, take an additional Experience and clear all marks on Character Traits.",レベル5で、経験を追加で1つ取り、特性のマークをすべて消します。,
"At Level 8, take an additional Experience and clear all marks on Character Traits.",レベル8で、経験を追加で1つ取り、特性のマークをすべて消します。,
Attached To Token,トークンに付着,
Attachments,装着,
Attack,攻撃,
Attack - {attack},攻撃 - {attack},
Attack Image,攻撃画像,
Attack is missing,攻撃がありません,
Attack Modifier,攻撃修正,
Attack Name,攻撃名,
Attack Range,攻撃射程,
Attack Roll,攻撃ロール,
Attack Trait,攻撃特性,
Attribution,帰属,
Auto behavior for Damage & Healing rolls after the Attack/Spellcast.,攻撃／呪文発動のあとのダメージ＆治癒ロールの自動動作。,
"Auto behavior for rolls like Attack, Spellcast, etc.",攻撃、呪文発動などのロールの自動動作。,
Auto behavior if a Reaction Roll is needed. Targets must be selected before the action is made,リアクションロールが必要な場合の自動動作。行動前に対象を選択する必要があります,
Auto Expire Active Effects,アクティブ効果を自動期限切れ,
Auto-expand Descriptions,説明を自動展開,
Auto-expand Message Sections,メッセージ欄を自動展開,
Automatic,自動,
Automatic Horde Damage,群れダメージ自動化,
Automatically active horde effect to lower damage when reaching half or lower HP.,HPが半分以下になったとき、群れ効果を自動発動してダメージを下げます。,
Automatically apply damages & healings. Targets must be selected before the action is made and Reaction Roll Automation must be different than Never. Bypass users permissions.,ダメージと治癒を自動適用します。行動前に対象を選択する必要があり、リアクションロール自動化は「しない」以外である必要があります。ユーザー権限をバイパスします。,
Automatically apply effects. Targets must be selected before the action is made and Reaction Roll Automation must be different than Never. Bypass users permissions.,効果を自動適用します。行動前に対象を選択する必要があり、リアクションロール自動化は「しない」以外である必要があります。ユーザー権限をバイパスします。,
Automatically apply the Vulnerable condition when a actor reaches max stress,アクターのストレスが最大になったとき、脆弱状態を自動付与します,
Automatically give and take Action Points as combatants take their turns.,戦闘参加者がターンを取るたびに、アクションポイントを自動で与え／奪います。,
Automatically ignores minor damage when set to 1,1に設定すると軽傷値を自動で無視します,
Automatically increase the GM's fear pool on a fear duality roll result.,デュアリティロールが恐怖結果のとき、GMの恐怖プールを自動で増やします。,
Automatically progress countdowns based on their progression settings,進行設定に基づいてカウントダウンを自動進行します,
Automation,自動化,
Automation Settings,自動化設定,
Avoid Death,死を避ける,
Background,背景,
Backgrounds,背景設定,
Bag Name,袋の名前,
Bags,袋一杯の金貨,
Bar,バー,
Bardic Rally Dice,バードの激励ダイス,
Barrier,障壁,
Base,基本,
Base ({base}),基本（{base}）,
Base Attack: Damage Bonus,基本攻撃：ダメージボーナス,
Base Attack: Damage Dice Index,基本攻撃：ダメージダイスインデックス,
Base Attack: Trait,基本攻撃：特性,
Base Domains,基本ドメイン,
Base Score,基礎鎧値,
Base Thresholds,基礎しきい値,
Base Visibility,基本の可視性,
Basic enemies that are easily dispatched but dangerous in numbers.,簡単に倒せるが、数が多いと危険な基本的な敵。,
Basics,基本,
Battlepoints,バトルポイント,
Beast Attack,ビースト攻撃,
Beastform,ビーストフォーム,
Beastform Max Tier,ビーストフォーム最大ティア,
Beastform Selection,ビーストフォーム選択,
Beastform Token,ビーストフォームトークン,
Beastform Transformation,ビーストフォーム変身,
Beastform Type,ビーストフォームタイプ,
Beastforms,ビーストフォーム,
Before Damage Reduction,ダメージ軽減の前,
"Before you make a Presence Roll, you can mark a Stress to gain a +2 bonus to the result.",社交ロールの前に、ストレスを1マークして結果に＋2できます。,
"Before you make an attack roll, you can mark a Stress to use a d20 as your damage die.",攻撃ロールの前に、ストレスを1マークしてダメージダイスをd20にできます。,
"Before you mark your last Armor Slot, roll a d6. On a result of 6, reduce the severity by one threshold without marking an Armor Slot.",最後の鎧スロットをマークする前にd6を振ります。6が出たら、鎧スロットをマークせずにしきい値を1段階下げます。,
Bend Time,時間を曲げる,
Biography,経歴,
Blade,ブレイド,
Blaze Of Glory,栄光の炎,
Blaze of Glory Effect Added!,栄光の炎の効果を追加しました！,
Bonded,絆,
Bone,ボーン,
Bonus,ボーナス,
Bonus Amount,ボーナス量,
Bottom + Center,下＋中央,
Bounce,跳ねる,
Bouncing,跳弾,
BP,BP,
Brave,勇敢,
Browse Compendium,辞典を閲覧,
Browser Settings,ブラウザ設定,
Bruiser,ブルーザー,
Brutal,残忍,
Burden,負荷,
Burden: Ignore,負荷：無視,
Burn,燃やす,
Burning,燃焼,
Cancel Beastform,ビーストフォームを解除,
Cancel Group Roll,グループロールをキャンセル,
Cancel Tag Team Roll,タッグチームロールをキャンセル,
Cannot add {itemType} items to {actorType} actors.,{itemType} アイテムは {actorType} アクターに追加できません。,
Cannot make a Use macro for an Action not on your character,自分のキャラクターにないアクションの使用マクロは作成できません,
Cannot make a Use macro for an Attack that doesn't belong to one of your characters,自分のキャラクターに属さない攻撃の使用マクロは作成できません,
Cannot select a secondary weapon with a two-handed primary!,両手持ちのメイン武器ではサブ武器を選べません！,
Change Currency Icon,通貨アイコンを変更,
Channeling,伝導,
Character,キャラクター,
Character Attack,キャラクター攻撃,
Character data exported prior to system version 1.1 will not generate a complete character. Do you wish to continue?,システムバージョン1.1より前に書き出したキャラクターデータでは、完全なキャラクターは生成されません。続行しますか？,
Character Default Defeated Status,キャラクターの既定撃破状態,
Character Selection,キャラクター選択,
Character Setup,キャラクターセットアップ,
Character Sheet,キャラクターシート,
Character Spotlight,キャラクタースポットライト,
Characteristics,人物的特徴,
Characters,キャラクター,
Charge,充填する,
Charged,充填,
Charm,魅了する,
Check Failed,判定失敗,
Check Passed,判定成功,
Check Reload,リロード判定,
Chest Name,箱の名前,
Chests,箱一杯の金貨,
Choice,選択,
Choose an additional domain card of your level or lower from a domain you have access to (up to level {maxLevel}),利用できるドメインから、自分のレベル以下の能力カードを追加で1枚選びます（最大レベル{maxLevel}）,
Choose two options from the list below,以下のリストから2つ選んでください,
Circle,円,
Class,クラス,
Class Feature,クラス特徴,
Class Features,クラス特徴,
Class Items,クラスアイテム,
Classes,クラス,
Clear Hitpoints,HPを消す,
Clear Stress,ストレスを消す,
Clear Stress and Hit Points,ストレスとHPを消す,
Clear Stress And Hit Points.,ストレスとHPを消す。,
Clear {quantity} {resource},{quantity} {resource} を消す,
Clear {resource},{resource} を消す,
Close,近距離,
Codex,コーデックス,
Coin Name,コイン名,
Coins,コイン,
Collision,衝突,
Coloration of Duality dice if the Dice So Nice module is used.,Dice So Niceモジュール使用時のデュアリティダイスの配色。,
Combo dice functionality only works on a single pair of two dice,コンボダイス機能は、2個1組のダイスに対してのみ動作します,
Communities,コミュニティ,
Community,コミュニティ,
Community Feature,コミュニティ特徴,
Companion,相棒,
Companion Default Defeated Status,相棒の既定撃破状態,
Companion Features,相棒特徴,
Companion Levelup,相棒レベルアップ,
Companion of {partner},{partner} の相棒,
Compendium Browser,辞典ブラウザ,
Comprehend,理解する,
Concuss,衝撃を与える,
Concussive,衝撃,
Condition,状態,
Condition Immunity: Hidden,状態無効：隠密,
Condition Immunity: Restrained,状態無効：拘束,
Condition Immunity: Vulnerable,状態無効：脆弱,
Cone,円錐,
Configuration,設定,
Configure Attack,攻撃を設定,
Configure Attribution,帰属を設定,
Configure Automation,自動化を設定,
Configure Homebrew,ホームブリューを設定,
Configure Metagaming,メタ情報を設定,
Configure Range Handling,射程の扱いを設定,
Connections,繋がり,
Consumable,消耗品,
Consumables,消耗品,
Consume Item,アイテムを消費,
Consume on Success only,成功時のみ消費,
Consume On Use,使用時に消費,
Continue,続ける,
Control,操る,
Cost,コスト,
Costs,コスト,
Countdown,カウントダウン,
Countdown Automation,カウントダウン自動化,
Countdown Edit,カウントダウン編集,
Countdown Permissions - {name},カウントダウン権限 - {name},
Countdowns,カウントダウン,
Create Adversary,敵対者を作成,
Create Homebrew Domain,ホームブリュードメインを作成,
Create Item,アイテムを作成,
Create Tag Team Roll,タッグチームロールを作成,
Create tokens in the scene.,シーンにトークンを作成します。,
Creating a Region with an attached Behavior requires an online GM,ビヘイビア付きのリージョンを作成するには、オンラインのGMが必要です,
Creature Comfort,安らぎ,
Critical,クリティカル,
"Critical Rolled, clearing all marked Stress and Hit Points.",クリティカルが出ました。マーク済みのストレスとHPをすべて消します。,
Critical Success,クリティカル成功,
Critical Threshold,クリティカルしきい値,
Cumbersome,扱いにくい,
Currency Name,通貨名,
Currency Overrides,通貨の上書き,
Current,現在,
Current Level,現在のレベル,
Current Stress,現在のストレス,
Current Value,現在値,
Current: {value},現在：{value},
Custom,カスタム,
Custom Adversary Types,カスタム敵対者タイプ,
Custom Formula,カスタム式,
D20 Roll,D20ロール,
Daggerheart,Daggerheart,
Daggerheart Compendium Browser,ダガーハート辞典ブラウザ,
Daggerheart Game Settings,ダガーハートのゲーム設定,
Daggerheart Measurements are disabled in System Settings - Variant Rules,ダガーハートの計測はシステム設定の選択ルールで無効になっています,
Daggerheart Menu,ダガーハートメニュー,
Damage,ダメージ,
Damage (Critical),ダメージ（クリティカル）,
Damage - {damage},ダメージ - {damage},
Damage Ability,ダメージ能力,
Damage Applied,ダメージを適用しました,
Damage Bonus,ダメージボーナス,
Damage Dice Size Increases,ダメージダイスサイズ上昇,
Damage Formula,ダメージ式,
Damage Hit Targets,命中した対象にダメージ,
Damage Immunity: Magical,ダメージ無効：魔法,
Damage Immunity: Physical,ダメージ無効：物理,
Damage Increased: {damage},ダメージ上昇：{damage},
Damage not rolled in chat message yet,チャットメッセージでまだダメージが振られていません,
Damage on Save,セーヴ時ダメージ,
Damage Reduction,ダメージ軽減,
Damage Reduction per Armor Slot,鎧スロットごとのダメージ軽減,
Damage Reduction Rules Default,ダメージ軽減ルールの既定,
Damage Reduction: Magical,ダメージ軽減：魔法,
Damage Reduction: Only Magical,ダメージ軽減：魔法のみ,
Damage Reduction: Only Physical,ダメージ軽減：物理のみ,
Damage Reduction: Physical,ダメージ軽減：物理,
Damage Resistance: Magical,ダメージ抵抗：魔法,
Damage Resistance: Physical,ダメージ抵抗：物理,
Damage Roll,ダメージロール,
Damage Thresholds,ダメージしきい値,
Damage Type,ダメージタイプ,DAGGERHEART.GENERAL.damageType
Damage Type,ダメージ種別,DAGGERHEART.ACTORS.Adversary.FIELDS.attack.damage.type.label
Damage Types,ダメージ種別,
Damage/Healing,ダメージ／治癒,
Damage/Healing Roll,ダメージ／治癒ロール,
Dangerous Collision,危険な衝突,
Data,データ,
Dead,死亡,
Deadly,致命,
Deal Damage,ダメージを与える,
Death Move,デスムーブ,
Deathmoves,デスムーブ,
Deceive,欺く,
Decreasing,減少,
Decreasing Looping,減少ループ,
Default,既定,
Default Advantage Dice,既定の有利ダイス,
Default Disadvantage Dice,既定の不利ダイス,
Default Fear Dice,既定の恐怖ダイス,
Default Hope Dice,既定の希望ダイス,
Default Ownership,既定の所有権,
Default {entity},既定の{entity},
Defeated,撃破,
Defeated Handling,撃破時の処理,
Deflect,逸らす,
Deflecting,偏向,
Delete Domain,ドメインを削除,
Delete Homebrew Item,ホームブリューアイテムを削除,
Delete Homebrew Resource,ホームブリューリソースを削除,
Delete Item,アイテムを削除,
Delete Trigger,トリガーを削除,
Delete {type} - {name},{type} を削除 - {name},
Deleted Data,削除されるデータ,
Denomination,通貨単位,
Deposit Companion Token,相棒トークンを預ける,
Deposit Party Tokens,パーティトークンを預ける,
Depth,奥行き,
"Describe how you are preparing for the next day's adventure, then gain a Hope.",翌日の冒険への備えを描写し、希望を1得ます。,
"Describe how you blow off steam or pull yourself together, and clear all marked Stress.",気分転換や気持ちの立て直しを描写し、マーク済みストレスをすべて消します。,
"Describe how you blow off steam or pull yourself together, then clear a number of Stress equal to 1d4 + your tier.",気分転換や気持ちの立て直しを描写し、1d4＋ティアに等しい数のストレスを消します。,
"Describe how you hastily patch yourself up, then clear a number of Hit Points equal to 1d4 + your tier. You can do this to an ally instead.",急いで傷を手当てする様子を描写し、1d4＋ティアに等しい数のHPを消します。味方に対して行っても構いません。,
Describe how you patch yourself up and remove all marked Hit Points. You may also do this on an ally instead.,手当てする様子を描写し、マーク済みHPをすべて消します。味方に対して行っても構いません。,
"Describe how you prepare yourself for the path ahead, then gain a Hope.",先の道への備えを描写し、希望を1得ます。,
"Describe how you quickly repair your armor, then clear a number of Armor Slots equal to 1d4 + your tier. You can do this to an ally's armor instead.",防具を急いで直す様子を描写し、1d4＋ティアに等しい数の鎧スロットを消します。味方の防具に対して行っても構いません。,
Describe how you spend time repairing your armor and clear all of its Armor Slots. You may also do this to an ally's armor instead.,防具の修理に時間を使う様子を描写し、すべての鎧スロットを消します。味方の防具に対して行っても構いません。,
Description,説明,
Designed to present a challenge to a whole party.,パーティ全体への挑戦として設計されています。,
Destruction,破壊,
Destructive,破壊的,
Details,詳細,
Devastate,壊滅させる,
Devastating,壊滅的,
DH TRIGGER | Item '{item}' on actor '{actor}' ran a '{trigger}' trigger.,DH TRIGGER | アクター「{actor}」のアイテム「{item}」がトリガー「{trigger}」を実行しました。,
Dice,ダイス,
Dice Appearance,ダイスの外観,
Dice Number,ダイス数,
Dice Pool,ダイスプール,
Dice Preset,ダイスプリセット,
Dice Set,ダイスセット,
Dice So Nice,Dice So Nice,
Dice Type,ダイス種類,
Dice Value,ダイス値,
Die,ダイス,
Die Faces,ダイス面,
Difficult,扱いにくい,
Difficulty,難易度,
Difficulty (Max),難易度（最大）,
Difficulty (Min),難易度（最小）,
Difficulty: all,難易度：すべて,
Difficulty: reaction,難易度：リアクション,
Dir,直,
Direct,直接,
Direct Damage,直接ダメージ,
Direct damage without a roll.,ロールなしの直接ダメージ。,
Dis,不利,
Disable Color Filter,カラーフィルターを無効化,
Disable Daggerheart Range Measurement,ダガーハートの射程計測を無効化,
Disable Effect,効果を無効化,
Disable Source,ソースを無効化,
Disabled Armorslots,無効な鎧スロット,
Disadvantage,不利,
Disadvantage Sources,不利の要因,
Display Countdown UI,カウントダウンUIを表示,
Display Fear,恐怖を表示,
Display in chat,チャットに表示,
Do you want to add this class as your multiclass?,このクラスをマルチクラスとして追加しますか？,
Do you want to add this subclass as your multiclass subclass?,このサブクラスをマルチクラスのサブクラスとして追加しますか？,
Domain,ドメイン,
Domain Card,能力カード,
Domain Cards,能力カード,
Domain Touched,ドメイン接触,
Domains,ドメイン,
Don't Use,使わない,
Double Duty,兼務,
Double Up,二刀にする,
Doubled Up,二刀,
Downtime,ダウンタイム,
Downtime Action,ダウンタイムアクション,
Downtime Move,ダウンタイムムーブ,
Downtime Moves,ダウンタイムムーブ,
Drag a form here to evolve it.,形態をここにドラッグして進化させます。,
Drag a form here to hybridize it.,形態をここにドラッグしてハイブリッド化します。,
Drag effect to apply it to an actor,効果をドラッグしてアクターに適用,
Drag environments here,環境をここにドラッグ,
Drop Actors here,アクターをここにドロップ,
Drop Features here,特徴をここにドロップ,
Drop items here to attach them,アイテムをここにドロップして装着,
Drop Summons Here,召喚対象をここにドロップ,
Drop Transform Here,変身先をここにドロップ,
Drop {thing} here,{thing} をここにドロップ,
Duality,デュアリティ,
Duality Critical Animation,デュアリティクリティカルアニメーション,
Duality Dice,デュアリティダイス,
Duality Roll,デュアリティロール,
Duality roll not properly formatted,デュアリティロールの形式が正しくありません,
Duality Rolls,デュアリティロール,
Duel,一騎打ち,
Dueling,一騎打ち,
Duplicate to New Tier,新しいティアへ複製,
"During downtime, automatically clear a Hit Point.",ダウンタイム中、HPを1自動で消します。,
"Each time you make a successful attack, you must mark a Stress.",攻撃が成功するたび、ストレスを1マークする必要があります。,
"Each time you mark an Armor Slot, you must mark a Stress.",鎧スロットをマークするたび、ストレスを1マークする必要があります。,
Edge,エッジ,
Edit,編集,
Edit Countdowns,カウントダウンを編集,
Edit Player Ownership,プレイヤー所有権を編集,
Effect,効果,
Effect Range Dependent,効果の射程依存,
Effects,効果,
Effects Applied,効果を適用しました,
Effects with defined range dependency will automatically turn on/off depending on range,射程依存が定義された効果は、距離に応じて自動でオン／オフされます,
Emanation,放射,
Empty Icon,空アイコン,
Enable Compendiums,辞典を有効化,
Enable Effect,効果を有効化,
Enable Source,ソースを有効化,
Enabled,有効,
Encounter,遭遇,
Encounters,遭遇,
Enemies that enhance their allies and/or disrupt their opponents.,味方を強化したり、相手を妨害したりする敵。,
Environment,環境,
Environments,環境,
Equip,装備,
Equipment,装備,
Erase,消去,
Erupt,噴出する,
Eruptive,噴出,
Establish or continue work on a project.,プロジェクトを始めるか、作業を続けます。,
Evasion,回避値,
Evasion (Max),回避値（最大）,
Evasion (Min),回避値（最小）,
Evasion Bonus,回避値ボーナス,
Evasion Increased: {evasion},回避値上昇：{evasion},
Event,イベント,
Evolve,進化する,
Evolved,進化,
Examples,例,
Execute a macro by UUID.,UUIDでマクロを実行します。,
Experience,経験,
Experience Increases,経験の上昇,
Experiences,経験,
Exploration,探索,
Failure,失敗,
Faith,信仰,
Fall Damage: Close,落下ダメージ：近距離,
Fall Damage: Far,落下ダメージ：遠距離,
Fall Damage: Very Close,落下ダメージ：至近,
Falling And Collision Damage,落下および衝突ダメージ,
Far,遠距離,
Fate,運命,
Fate Roll,運命ロール,
Fate roll not properly formatted,運命ロールの形式が正しくありません,
"Fate roll not properly formatted, bad fate type. Valid types are 'Hope' and 'Fear'",運命ロールの形式が正しくありません。運命タイプが不正です。有効なタイプは「Hope」と「Fear」です,
Fear,恐怖,
Fear Position,恐怖の位置,
Fear Roll,恐怖ロール,
Feature,特徴,
Feature Form,特徴の形態,
Feature is missing,特徴がありません,
Feature Refresh,特徴の回復,
Feature: {feature},特徴：{feature},
Features,特徴,
Filled Icon,充填アイコン,
Filters,フィルター,
FIN,FIN,
Final Character Resources,最終的なキャラクターリソース,
Finesse,器用,
Finish Character Setup,キャラクターセットアップを完了,
Finish Group Roll,グループロールを完了,
Finish Level Up,レベルアップを完了,
Finish Levelup,レベルアップを完了,
Finish Tag Team Roll,タッグチームロールを完了,
Flat Multiplier,固定倍率,
Flexible,柔軟,
Font,フォント,
Font Awesome Icon,Font Awesomeアイコン,
for each Bruiser adversary.,ブルーザーの敵対者ごと。,
for each group of Minions equal to the size of the party.,パーティ人数に等しいミニオンのグループごと。,
"for each Horde, Ranged, Skulk, or Standard adversary.",群れ、遠隔、スカルク、標準の敵対者ごと。,
for each Leader adversary.,リーダーの敵対者ごと。,
for each Social or Support adversary.,社交またはサポートの敵対者ごと。,
for each Solo adversary.,ソロの敵対者ごと。,
"For every X damage a PC deals to this adversary, they also deal 1 HP to an additional minion within their attack’s range.",PCがこの敵対者にXダメージを与えるたび、攻撃の射程内の追加のミニオンにも1HPを与えます。,
Foreground,前景,
Formula,式,
Formula based on Hope/Fear result.,希望／恐怖の結果に基づく式。,
Formula Name,式の名前,
Fortified,強化,
Foundation,基盤,
Foundation Features,基盤特徴,
Foundry Effects,Foundry効果,
FR,FR,
Free,自由,
Friendly,友好,
Full,完全,
Fully restore the resource.,リソースを完全に回復します。,
Gain a +1 bonus to two unmarked character traits and mark them.,未マークの特性2つに＋1し、それらをマークします。,
Gain a +1 bonus to your Proficiency on a primary weapon attack.,メイン武器攻撃の習熟に＋1します。,
Gain a +2 bonus to the Presence roll,社交ロールに＋2します,
Gain a bonus to your damage rolls equal to your Agility.,ダメージロールに素早さに等しいボーナスを得ます。,
Gain a bonus to your damage rolls equal to your level.,ダメージロールにレベルに等しいボーナスを得ます。,
Gain a bonus to your Evasion equal to your Armor Score against the attack,その攻撃に対する回避値に、鎧値に等しいボーナスを得る,
Gain Advantage On,有利になる対象,
Gain an additional Hope slot for your character.,キャラクターの希望スロットを1つ追加します。,
Gain Weapon Tier + 1 to Armor Score; -1 to Evasion,鎧値に武器ティア＋1。回避値−1,
Gargantuan,超巨大,
General,一般,
Generic,汎用,
Generic action that only display a chat message if nothing is configured.,何も設定されていない場合、チャットメッセージだけを表示する汎用アクション。,
Gilded,金装飾,
Give The Spotlight,スポットライトを渡す,
GM,GM,
GM Notes,GMノート,
GM Tools,GMツール,
Go back to previous level,前のレベルに戻る,
Gold,金貨,
Grace,グレイス,
Grapple,組み付く,
Grappling,組み付き,
Greed,貪欲,
Greedy,貪欲,
Grimoire,グリモア,
Group Attack,グループ攻撃,
Group Roll,グループロール,
Guaranteed Critical,確定クリティカル,
Guaranteed Critical Success,確定クリティカル成功,
Handful Name,一握りの名前,
Handfuls,一握りの金貨,
Heal,治癒する,
Heal - {damage},治癒 - {damage},
Healing,治癒,
Healing Amount,治癒量,
Healing Applied,治癒を適用しました,
Healing Roll,治癒ロール,
Heavy,重い,
Height,高さ,
Heritage,種族,
Hidden,隠密,
Hide,隠れる,DAGGERHEART.CONFIG.Traits.finesse.verb.hide
Hide,非表示,DAGGERHEART.SETTINGS.Appearance.fearDisplay.hide
Hide Attribution,帰属表示を隠す,
Hide Chat Info From Players,プレイヤーからチャット情報を隠す,
Hide Countdown,カウントダウンを隠す,
Hide from Everyone,全員から隠す,
Hide From Players,プレイヤーから隠す,
Hide New Countdowns,新しいカウントダウンを隠す,
Hide Party Stats,パーティ数値を隠す,
Highest Roll,最高出目,
Hit,命中,
Hit Point,ヒットポイント,
Hit Points,ヒットポイント,
Hit Points (Max),HP（最大）,
Hit Points (Min),HP（最小）,
Hit Points Increased: {hitPoints},HP上昇：{hitPoints},
Hits,命中,
HO,HO,
Homebrew Domains,ホームブリュードメイン,
Homebrew Settings,ホームブリュー設定,
Hook,鉤で引っかける,
Hooked,鉤,
Hope,希望,
Hope & Fear,希望と恐怖,
Hope Cost,希望コスト,
Hope Features,希望特徴,
Hopeful,希望的,
Horde,群れ,
Horde Damage,群れダメージ,
Horde HP,群れHP,
Horde/HP,群れ/HP,
Hostile,敵対,
Hot,灼熱,
HP,HP,
HP Damage Multiplier,HPダメージ倍率,
HP Damage Taken Multiplier,被HPダメージ倍率,
Huge,巨大,
Hybrid,ハイブリッド,
Hybrid Features,ハイブリッド特徴,
Hybridize,ハイブリッド化,
Icon,アイコン,
Icon Name,アイコン名,
Icons are from fontawesome,アイコンはFont Awesomeです,
Identifier,識別子,
Identity,アイデンティティ,
"If checked, this effect will be applied to any actor that owns this Effect's parent Item. The effect is always applied if this Item is attached to another one.",チェックすると、この効果の親アイテムを所有するアクターに効果が適用されます。このアイテムが別のアイテムに装着されている場合、効果は常に適用されます。,
if the fight should be less difficult or shorter.,戦闘を易しくする、または短くしたい場合。,
if the fight should be more dangerous or last longer,戦闘をより危険にする、または長引かせたい場合,
If the system should automatically roll reload checks or wait for the manual press of a button in chat,システムがリロード判定を自動で振るか、チャットのボタン手動押下を待つか,
If this value is set you can use up to that much stress to spend additional Armor Marks beyond your normal maximum.,この値を設定すると、通常の上限を超えて追加の鎧マークに、その数までストレスを使えます。,
if you add +1d4 (or a static +2) to all adversaries' damage rolls (to increase the challenge without lengthening the battle),すべての敵対者のダメージロールに＋1d4（または固定＋2）を加える場合（戦闘を長引かせずに難度を上げる）,
if you choose an adversary from a lower tier.,より低いティアの敵対者を選ぶ場合。,
"if you don't include any Bruisers, Hordes, Leaders, or Solos",ブルーザー、群れ、リーダー、ソロを含めない場合,
if you're using 2 or more Solo adversaries.,ソロの敵対者を2体以上使う場合。,
Ignore burden rules,負荷ルールを無視,
Ignores Armor,鎧値を無視,
Ignores Loadout Limits,ロードアウト上限を無視,
Image Path,画像パス,
Immune,無効,
Immune to Magical Damage if this is set to 1,1に設定すると魔法ダメージ無効になります,
Immune to Physical Damage if this is set to 1,1に設定すると物理ダメージ無効になります,
Immunity: {immunities},無効：{immunities},
Immunity: {status},無効：{status},
Impenetrable,不貫通,
Impulses,衝動,
In Front,前方,
Inactive Effects,無効な効果,
Inactive w/ Armor,防具着用時は無効,
Include Item Damage,アイテムダメージを含める,
Increase Damage,ダメージ増加,
Increase hope and stress to a total of {nr}.,希望とストレスを合計{nr}まで増やします。,
"Increase your companion's damage dice or range by one step (d6 to d8, Close to Far, etc.)",相棒のダメージダイスまたは射程を1段階上げます（d6→d8、近距離→遠距離など）,
Increase your Proficiency by +1.,習熟を＋1します。,
Increased Traits,上昇した特性,
Increasing,増加,
Increasing Looping,増加ループ,
"Index for the damage dice used on the basic attack. 0=d4, 1=d6, 2=d8, 3=d10, 4=d12, 5=d20",基本攻撃で使うダメージダイスのインデックス。0=d4、1=d6、2=d8、3=d10、4=d12、5=d20,
Information,情報,
Information such as hit/miss on attack rolls against adversaries will be hidden,敵対者への攻撃ロールの命中／外れなどの情報が非表示になります,
Initial,初期,
Initial Experiences,初期経験,
Initial Trait Modifiers,初期特性修正値,
Initiating Character,開始するキャラクター,
INS,INS,
Instinct,直感,
Inventory,アイテム,
Invigorate,活力を与える,
Invigorating,活力,
Item Features,アイテム特徴,
Item Quantity,アイテム数量,
Item Resource,アイテムリソース,
Items,アイテム,
KNO,KNO,
Know The Tide gained a token,潮流を知るがトークンを得ました,
Knowledge,知識,
Label,ラベル,
Large,大型,
Leader,リーダー,
Leader Roll,リーダーロール,
Leap,跳躍する,
Left + Bottom,左＋下,
"Left click to increase, right click to decrease",左クリックで増加、右クリックで減少,
"Left-click to place, right-click to cancel",左クリックで配置、右クリックでキャンセル,
Level,レベル,
Level (Max),レベル（最大）,
Level (Min),レベル（最小）,
Level Achievements,レベル達成,
Level Advancement,レベル成長,
Level Advancements,レベル成長,
Level Up,レベルアップ,
Level {level} - {partner},レベル{level} - {partner},
Level {level} Character,レベル{level} キャラクター,
Levels 2-4,レベル2〜4,
Levels 5-7,レベル5〜7,
Levels 8-10,レベル8〜10,
Levelup Automation,レベルアップ自動化,
Lifesteal,生命吸収,
Lifestealing,生命吸収,
Lift,持ち上げる,
Line,直線,
Loadout,ロードアウト,
Lock On,ロックオン,
Locked On,ロックオン,
Long,長射程,DAGGERHEART.CONFIG.WeaponFeature.long.name
Long,長期,DAGGERHEART.CONFIG.CountdownType.narrative.shortLabel
Long Rest,大休憩,
Long Rest Moves ({current}/{max}),大休憩ムーブ（{current}/{max}）,
Long Rest: Bonus Long Rest Moves,大休憩：追加大休憩ムーブ,
Long Rest: Bonus Short Rest Moves,大休憩：追加小休憩ムーブ,
Long Term,長期,
Looping,ループ,
Loot,戦利品,
Lore Reference,ロア参照,
Lowers any magical damage received by the set amount of severity degrees,受ける魔法ダメージのしきい値を、設定した段階数だけ下げます,
Lowers any physical damage received by the set amount of severity degrees,受ける物理ダメージのしきい値を、設定した段階数だけ下げます,
Luck,幸運,
Lucky,幸運,
Lv,Lv,
Macro,マクロ,
Mag,魔,
Magical,魔法,
Magical Damage,魔法ダメージ,
Magical Damage is halved if this is set to 1,1に設定すると魔法ダメージが半減します,
Magical Damage is reduced by the amount set here,魔法ダメージをここで設定した量だけ軽減します,
Main Trait,主特性,
Main Trait Bonus,主特性ボーナス,
MAJ,中傷,
Major,中傷値,
Major Damage Threshold,中傷値,
Major Threshold,中傷値,
Major: {threshold},中傷値：{threshold},
Make a Death Move,デスムーブを行う,
Make a roll from your character sheet to link it to the Tag Team Roll,キャラクターシートからロールして、タッグチームロールに紐づけます,
Make Active Party,アクティブパーティにする,
Make your roll,ロールしてください,
Maneuver,機動する,
Manual,手動,
Mark 1 or more Stress to hit that many targets in range of the attack.,ストレスを1以上マークし、その数だけ攻撃の射程内の対象に命中させます。,
Mark a Stress to crack the whip and force all adversaries within Melee range back to Close range.,ストレスを1マークして鞭を鳴らし、近接にいるすべての敵対者を近距離まで押し戻します。,
Mark a Stress to gain a +1 bonus to your Proficiency on a primary weapon attack.,ストレスを1マークして、メイン武器攻撃の習熟に＋1します。,
Mark an Armor Slot to roll a d4 and add its result as a bonus to your Evasion against an incoming attack.,鎧スロットを1マークしてd4を振り、その出目を到来する攻撃に対する回避値ボーナスに加えます。,
Mark Resources,リソースをマーク,
Mark {quantity} {resource},{quantity} {resource} をマーク,
Marked Armor Slots,マーク済み鎧スロット,
Massive,甚大,
Massive Damage,甚大ダメージ,
Mastery,熟達,
Mastery Feature,熟達特徴,
Matched {nr} times.,{nr}回一致しました。,
Material,材質,
Max,最大,
Max Armor Used,使用鎧スロット上限,
Max Armor Used With Stress,ストレス使用時の最大鎧スロット,
Max Cards in Loadout,ロードアウトのカード上限,
Max Class Domains,クラスドメイン上限,
Max domains you can set on a class,クラスに設定できるドメインの上限,
Max Evasion Increase,最大回避値増加,
Max Fear,最大恐怖,
Max Hope,最大希望,
Max HP Increase,最大HP増加,
Max Loadout Cards Bonus,ロードアウトカード上限ボーナス,
Max Stress,最大ストレス,
Max {thing},最大{thing},
Maximum Tier,最大ティア,
"means a character is within touching distance of the target. PCs can generally touch targets up to a few feet away from them, but melee range may be greater for especially large NPCs.",対象に手が届く距離にいることを意味します。PCは通常数フィート先まで触れられますが、特に大きなNPCでは近接射程がより広くなることがあります。,
"means a distance where one can see fine details of a target- within moments of reaching, if need be. This is usually anywhere from about 5-10 feet away. While in danger, a PC can usually get to anything that’s very close as part of any other action they take. Anything on a battle map that is within the shortest length of a game card (~2-3 inches) can usually be considered very close.",対象の細かいディテールが見える距離で、必要ならすぐに手が届きます。通常は約5〜10フィートです。危険下でも、PCは他の行動の一部として至近の対象へ移動できることが多いです。バトルマップ上では、ゲームカードの短辺（約2〜3インチ）以内を至近とみなせます。,
"means a distance where one can see prominent details of a target-- across a room or to a neighboring market stall, generally about 10-30 feet away. While in danger, a PC can usually get to anything that’s close as part of any other action they take. Anything on a battle map that is within the length of a standard pen or pencil (~5-6 inches) can usually be considered close.",対象の主なディテールが見える距離です。部屋の向こうや隣の露店まで、通常は約10〜30フィートです。危険下でも、PCは他の行動の一部として近距離の対象へ移動できることが多いです。バトルマップ上では、標準的なペンや鉛筆の長さ（約5〜6インチ）以内を近距離とみなせます。,
"means a distance where one can see the appearance of a person or object, but probably not in great detail-- across a small battlefield or down a large corridor. This is usually about 30-100 feet away. While under danger, a PC will likely have to make an Agility roll to get here safely. Anything on a battle map that is within the length of a standard piece of paper (~10-11 inches) can usually be considered far.",人や物の外見は見えるが、細部まではおそらく分からない距離です。小さな戦場の向こうや大きな廊下の先で、通常は約30〜100フィートです。危険下では、PCが安全に到達するには素早さロールが必要になることが多いです。バトルマップ上では、標準的な用紙の長さ（約10〜11インチ）以内を遠距離とみなせます。,
"means a distance where you can see the shape of a person or object, but probably not make outany details-- across a large battlefield or down a long street, generally about 100-300 feet away. While under danger, a PC likely has to make an Agility roll to get here safely. Anything on a battle map that is beyond far distance, but still within sight of the characters can usually be considered very far.",人や物の形は見えるが、細部はおそらく判別できない距離です。大きな戦場の向こうや長い通りの先で、通常は約100〜300フィートです。危険下では、PCが安全に到達するには素早さロールが必要になることが多いです。バトルマップ上では、遠距離を超えてもキャラクターの視界内なら超遠距離とみなせます。,
means yourself.,自分自身を意味します。,
Medium,中型,
Melee,近接,
Members,メンバー,
Metagaming Settings,メタ情報設定,
Midnight,ミッドナイト,
MIN,軽傷,
Minion,ミニオン,
Minor,軽傷値,
Misc,その他,
Miscellaneous,その他,
Miss,外れ,
Missing multiclass,マルチクラスがありません,
Missing {x},{x}がありません,
Mixed Ancestry,混血種族,
Modifier,修正値,
Modifiers,修正値,
Modify the look of various parts of the system,システムの各所の見た目を変更します,
More Options,その他のオプション,
Motives,動機,
Motives & Tactics,動機と戦術,
Move the spotlight to a hovered or selected token that's present in an active encounter,ホバーまたは選択中で、進行中の遭遇にいるトークンへスポットライトを移します,
Multiclass,マルチクラス,
Multiclass Subclass,マルチクラスのサブクラス,
"Multiclass: Choose an additional class for your character, then cross out an unused “Take an upgraded subclass card” and the other multiclass option on this sheet.",マルチクラス：キャラクターに追加クラスを選び、未使用の「アップグレードしたサブクラスカードを取る」と、このシート上のもう一方のマルチクラス選択肢を消します。,
Multiclassing - {actor},マルチクラス - {actor},
Multiplier,倍率,
Multiply any damage dealt to you by this number,自分が受けるダメージをこの数で倍化します,
Multiply any damage you deal by this number,自分が与えるダメージをこの数で倍化します,
Muted,ミュート,
Name,名前,
Narrative,物語,
Navigate,進路を取る,
Never,しない,
"Never, always show",しない（常に表示）,
New Adversary,新しい敵対者,
New Category,新しいカテゴリ,
New Countdown,新しいカウントダウン,
New Domain,新しいドメイン,
New Domain Name,新しいドメイン名,
New Experience..,新しい経験…,
New Experiences,新しい経験,
New Item Feature,新しいアイテム特徴,
New {thing},新しい{thing},
Next,次へ,
Next Long Rest,次の大休憩,
Next Rest,次の小休憩,
Next Scene,次のシーン,
Next Session,次のセッション,
Next Spotlight,次のスポットライト,
no,なし,
No Current Targets,現在の対象なし,
No Looping,ループなし,
No Partner,パートナーなし,
No Partner selected,パートナー未選択,
No players to assign ownership to,所有権を割り当てるプレイヤーがいません,
No targets are hit,命中した対象がありません,
No targets are selected.,対象が選択されていません。,
No token is targeted,トークンが対象になっていません,
No Tokens Selected,トークン未選択,
None,なし,
Normal,通常,
Not Rolled,未ロール,
Notes,メモ,
Nothing more to select!,これ以上選ぶものはありません！,
NPC,NPC,
Nr Advantages,有利の数,
Nr Beastforms,ビーストフォーム数,
Nr Features,特徴の数,
Off,オフ,
Off With Toggle,オフ（切り替え可）,
"Offensive Action like weapon attack, spellcast, etc.",武器攻撃、呪文発動などの攻撃的アクション。,
Old Character Import,旧キャラクターの取り込み,
On,オン,
"On a failed attack, you can mark a Stress to reroll your attack.",攻撃に失敗したとき、ストレスを1マークして攻撃を振り直せます。,
"On a successful attack against a target within Melee range, add a d4 to the damage roll.",近接射程の対象への攻撃が成功したとき、ダメージロールにd4を加えます。,
"On a successful attack against a target within Melee range, all other adversaries within Very Close range must succeed on a reaction roll (14) or take half damage.",近接射程の対象への攻撃が成功したとき、至近にいる他のすべての敵対者はリアクションロール（14）に成功しなければ、半分のダメージを受けます。,
"On a successful attack, all adversaries within Very Close range must mark a Stress.",攻撃成功時、至近にいるすべての敵対者はストレスを1マークします。,
"On a successful attack, roll a d4. On a result of 4, clear a Stress.",攻撃成功時にd4を振ります。4が出たらストレスを1消します。,
"On a successful attack, roll a d6. On a result of 6, clear a Hit Point or clear a Stress.",攻撃成功時にd6を振ります。6が出たら、HPを1消すかストレスを1消します。,
"On a successful attack, roll an additional damage die and discard the lowest result.",攻撃成功時、ダメージダイスを追加で1個振り、最も低い出目を捨てます。,
"On a successful attack, the target must mark a Stress.",攻撃成功時、対象はストレスを1マークします。,
"On a successful attack, you can pull the target into Melee range.",攻撃成功時、対象を近接射程へ引き込めます。,
"On a successful attack, you can spend a Hope to knock the target back to Far range.",攻撃成功時、希望を1消費して対象を遠距離までノックバックできます。,
"On a successful attack, you can spend a Hope to Restrain the target or pull them into Melee range with you.",攻撃が成功したとき、希望を1消費して対象を拘束するか、自分の近接射程へ引き込めます。,
"On a successful attack, your next attack against the same target with your primary weapon automatically succeeds.",攻撃が成功したとき、同じ対象への次のメイン武器攻撃は自動成功します。,
On With Toggle,オン（切り替え可）,
"Once per rest, when you take time during a quiet moment to give your companion love and attention, you can gain a Hope or you can both clear a Stress.",休憩ごとに1回、静かなひとときに相棒へ愛情と関心を向けると、希望を1得るか、双方のストレスを1消せます。,
"Once per short rest, when you would mark your last Hit Point, you can instead mark a Stress.",小休憩ごとに1回、最後のHPをマークする代わりにストレスを1マークできます。,
One-Handed,片手持ち,
Open Actor World,アクターワールドを開く,
Open Dialog For All,全員にダイアログを開く,
Open Item World,アイテムワールドを開く,
Open or close the active party's sheet,アクティブなパーティのシートを開閉します,
Open Settings,設定を開く,
Optional,任意,
Optional Data,任意データ,
Optional {thing},任意の{thing},
Origin: {name},発生源：{name},
Other,その他,
Outline,輪郭,
Outside Range,射程外,
Overlay Effect,オーバーレイ効果,
Packs,パック,
Page,ページ,
Pain,苦痛,
Painful,苦痛,
Paired,対,
Parry,受け流し,
Participants,参加者,
Partner,パートナー,
Party,パーティ,
Party Members,パーティメンバー,
Party Team,パーティチーム,
Passive,パッシブ,
Path or id of full description journal page,詳細説明ジャーナルページのパスまたはID,
Pending Reaction Rolls,未処理のリアクションロール,
Pending Reaction Rolls Found,未処理のリアクションロールがあります,
Perceive,知覚する,
Perform,演じる,
Performing system migration. Please wait and do not close Foundry.,システムの移行を実行中です。Foundryを閉じずに待ってください。,
Permanently gain a +1 bonus to two experiences.,経験2つに永続＋1を得ます。,
Permanently gain a +1 bonus to your Evasion.,回避値に永続＋1を得ます。,
Permanently gain one Hit Point slot.,HPスロットを永続的に1つ得ます。,
Permanently gain one Stress slot.,ストレススロットを永続的に1つ得ます。,
Persuade,説得する,
Persuasive,説得力,
Phy,物,
Physical,物理,
Physical Damage,物理ダメージ,
Physical Damage is halved if this is set to 1,1に設定すると物理ダメージが半減します,
Physical Damage is reduced by the amount set here,物理ダメージをここで設定した量だけ軽減します,
Pick a new tier for this adversary,この敵対者の新しいティアを選ぶ,
Pick bonuses you apply to freely chosen traits at the time of transforming,変身時に自由に選んだ特性へ適用するボーナスを選びます,
Pip Display For Resources,リソースをピップ表示,
Placed In Scene,シーンに配置,
Player,プレイヤー,
Players,プレイヤー,
Pompous,尊大,
Portrait,肖像,
Potential Adversaries,想定される敵対者,
Powerful,強力,
PRE,PRE,
Prepare,備える,
Prepare (together),備える（一緒に）,
Presence,社交,
Preview,プレビュー,
Preview Animation,アニメーションをプレビュー,
Primary,メイン,
Primary Feature,主特徴,
Primary Weapon,メイン武器,
Primary Weapon Attack Roll,メイン武器攻撃ロール,
Primary Weapon Damage,メイン武器ダメージ,
Proficiency,習熟,
Proficiency Increased: {proficiency},習熟上昇：{proficiency},
Progression,進行,
Progression Type,進行タイプ,
Projects,プロジェクト,
Pronouns,代名詞,
Protective,防護,
Quantity,数量,
Questions,質問,
Quick,迅速,
Quiet,静寂,
Rally,激励,
Randomized Start Value Formula,開始値のランダム式,
Range,射程,
Range & Target,射程と対象,
Range Dependant,射程依存,
Range Dependence,射程依存,
Range Increase: Other,射程増加：その他,
Range Increase: Spell,射程増加：呪文,
Range Increase: Weapon,射程増加：武器,
Range Increased: {range},射程上昇：{range},
Range Measurement,射程計測,
Range Settings,射程設定,
Ranged,遠隔,
Rank and File adversaries.,一般兵の敵対者。,
Reach,リーチ,
Reaction,リアクション,
Reaction Roll,リアクションロール,
Reaction Roll All Targets,全対象にリアクションロール,
Reaction Roll: {trait},リアクションロール：{trait},
Recall,リコール,DAGGERHEART.APPLICATIONS.ContextMenu.recall
Recall,想起する,DAGGERHEART.CONFIG.Traits.knowledge.verb.recall
Recall Cost,リコールコスト,
Recall Cost (Max),リコールコスト（最大）,
Recall Cost (Min),リコールコスト（最小）,
Recovery,回復,
Rectangle,矩形,
Reduce By Stress,ストレスで軽減,
Reduce Damage Severity: Magical,ダメージしきい値軽減：魔法,
Reduce Damage Severity: Physical,ダメージしきい値軽減：物理,
Refresh,回復,
Refresh Features,特徴を回復,
Refreshed,回復済み,
Refreshing Resources,リソースの回復,
Reinforce,補強する,
Reinforced,補強,
Relentless,リレントレス,
Reliable,信頼,
Reload,リロード,
Reload Checking,リロード判定,
Reload Required!,リロードが必要です！,
Reload {weapon},{weapon} をリロード,
Reloading,リロード中,
Remaining Points,残りポイント,
Remove Countdown,カウントダウンを削除,
Remove Experience Data,経験データを削除,
Remove member {name},メンバー {name} を外す,
Remove Roll,ロールを削除,
Repair Armor,防具の修理,
Request The Spotlight,スポットライトを要求,
Requesting The Spotlight,スポットライトを要求中,
Reroll,振り直し,
Reroll Action,アクションを振り直す,
Reroll Damage,ダメージを振り直す,
Reroll Dice,ダイスを振り直す,
Reroll Reload Check,リロード判定を振り直す,
Reroll {thing},{thing} を振り直す,
Rerolled,振り直し済み,
Reset Character,キャラクターをリセット,
Reset Settings,設定をリセット,
Reset {type},{type} をリセット,
Reset {type} Downtime Moves,{type}のダウンタイムムーブをリセット,
Resilient,強靭,
Resistant,抵抗,
Resource,リソース,
Resource Identifier,リソース識別子,
Resources,リソース,
"Resources and stats in the party sheet's member list will be hidden to the following users, even if the user is part of the same party",パーティシートのメンバー一覧のリソースと数値は、同じパーティのユーザーでも、次のユーザーには非表示になります,
Restore resources to the target. May have a roll configured.,対象のリソースを回復します。ロールを設定できます。,
Restore {quantity} on {weapon},{weapon} の {quantity} を回復,
Restrained,拘束,
Result,結果,
Results,結果,
Results will appear when characters roll,キャラクターがロールすると結果が表示されます,
Retract,格納する,
Retractable,格納式,
Retrieve Companion Token,相棒トークンを取り出す,
Retrieve Party Tokens,パーティトークンを取り出す,
Return,戻す,
Return To Levelup,レベルアップに戻る,
Returning,帰還,
Returning to the previous level selection will remove all selections made for this level. Do you want to proceed?,前のレベルの選択に戻すと、このレベルでの選択はすべて削除されます。続行しますか？,
Reveal Countdown,カウントダウンを公開,
Revealed,公開,
Right + Top,右＋上,
Right-Click to extend,右クリックで展開,
Risk It All,すべてを賭ける,
Roll,ロール,
Roll (Difficulty {difficulty}),ロール（難易度 {difficulty}）,
Roll All,すべて振る,
Roll Damage,ダメージを振る,
Roll Healing,治癒を振る,
Roll Type,ロールタイプ,
"Roll your Duality Dice. If the Hope Die is higher, your character stays on their feet and clears a number of Hit Points or Stress equal to the value of the Hope Die (you can divide the Hope Die value between Hit Points and Stress however you'd prefer). If the Fear Die is higher, your character crosses through the veil of death. If the Duality Dice show matching results, your character stays up and clears all Hit Points and Stress.",デュアリティダイスを振ります。希望ダイスのほうが高ければ、キャラクターは踏みとどまり、希望ダイスの出目に等しい数のHPまたはストレスを消します（希望ダイスの値はHPとストレスに自由に振り分けられます）。恐怖ダイスのほうが高ければ、キャラクターは死の帳を越えます。デュアリティダイスがゾロ目なら、キャラクターは踏みとどまり、すべてのHPとストレスを消します。,
Rules,ルール,
Rules Off,ルールオフ,
Rules On,ルールオン,
Sage,セージ,
Save,保存,
Save Settings,設定を保存,
Scalable,可変,
Scare,恐れさせる,
Scars,傷跡,
Scary,恐ろしい,
Scene,シーン,
Scene Environments,シーンの環境,
Search...,検索...,
Secondary,サブ,
Secondary Feature,副特徴,
Secondary Weapon,サブ武器,
Secondary Weapon Attack Roll,サブ武器攻撃ロール,
Secondary Weapon Damage,サブ武器ダメージ,
Select a Folder in sidebar to start browsing through the compendium,サイドバーのフォルダを選んで、辞典の閲覧を開始します,
Select Action Type,アクションタイプを選択,
Select all Characters who will participate in the roll,ロールに参加するすべてのキャラクターを選択,
Select Ancestry,種族を選択,
Select Armor,防具を選択,
Select Class,クラスを選択,
Select Community,コミュニティを選択,
Select Image,画像を選択,
Select Move,ムーブを選択,
Select one Character to be the leader,リーダーにするキャラクターを1人選んでください,
Select Primary Ancestry,主種族を選択,
Select Primary Weapon,メイン武器を選択,
Select Secondary Ancestry,副種族を選択,
Select Secondary Weapon,サブ武器を選択,
Select Subclass,サブクラスを選択,
Select the two participants,参加者を2人選んでください,
Select which background and connection prompts you want to copy into your character's background.,キャラクターの背景にコピーする背景と繋がりのプロンプトを選んでください。,
Select which data you'd like to keep,残したいデータを選んでください,
Select which roll value to be used for the Tag Team,タッグチームに使うロール値を選択,
Select your new domain,新しいドメインを選択,
Selected,選択中,
Self,自身,
Self Correcting,自己補正,
Send To Chat,チャットに送る,
Send to Chat,チャットに送る,
Send to Loadout,ロードアウトへ送る,
Send to Vault,保管庫へ送る,
Sense,感じ取る,
Serrated,鋸歯,
Session,セッション,
Set a default Trait to enable Reaction Roll. It can be changed later in Reaction Roll Dialog.,リアクションロールを有効にする既定の特性を設定します。後からリアクションロールダイアログで変更できます。,
Set Animations As Player Defaults,アニメーションをプレイヤー既定に設定,
Set Resource Identifier,リソース識別子を設定,
Set Selected As Targets,選択中を対象に設定,
Set to 1 to always roll a critical,1にすると常にクリティカルになります,
Set to blank or 0 for unlimited maximum,無制限にするには空白または0にしてください,
Set To Countdown UI Default,カウントダウンUIの既定に設定,
Set up and complete the rolls for the characters,キャラクターのロールを設定して完了する,
Setting,設定,
Settings,設定,
Settings for an optional distance at which this effect should activate,この効果が発動する任意の距離の設定,
Setup,セットアップ,
SEV,重傷,
Severe,重傷値,
Severe Damage Threshold,重傷値,
Severe Threshold,重傷値,
Severe: {threshold},重傷値：{threshold},
Severity Reduced By {nr},しきい値が{nr}段階下がった,
Shape,形状,
Shapeshift the user into another form.,使用者を別の形態へ変身させます。,
Sharp,鋭利,
Sharpwing,鋭翼,
Shelter,庇護する,
Sheltering,庇護,
Shift,変移する,
Shifting,変移,
Short,短期,
Short Rest,小休憩,
Short Rest Moves ({current}/{max}),小休憩ムーブ（{current}/{max}）,
Short Rest: Bonus Long Rest Moves,小休憩：追加大休憩ムーブ,
Short Rest: Bonus Short Rest Moves,小休憩：追加小休憩ムーブ,
Short Term,短期,
Should be,条件,
Show Dialog Only,ダイアログのみ表示,
Show Foundry Status Effects,Foundryの状態効果を表示,
Show Resource Change Scrolltexts,リソース変化のスクロールテキストを表示,
Show Token Distance on Hover,ホバー時にトークン距離を表示,
Simple,簡易,
Situational Bonus,状況ボーナス,
Size,サイズ,
Size Category,サイズ区分,
Skipping Character Setup,キャラクターセットアップをスキップ,
Skulk,スカルク,
Slow,スロウ,
Slow Time,時間を遅らせる,
Small,小型,
Smash,砕く,
Social,社交,
Solo,ソロ,
Some Tokens have not finished their Reaction Rolls.,一部のトークンがリアクションロールを終えていません。,
Source,ソース,
Sources,ソース,
Specialization,特化,
Specialization Feature,特化特徴,
Spell,呪文,
SpellCast,呪文発動,
Spellcast Roll,呪文発動ロール,
Spellcast Trait,呪文発動特性,
Spellcasting Trait,呪文発動特性,
Spend 1 stress to use an extra mark,ストレスを1消費して追加のマークを使う,
Spend 2 Hope to gain {bonus} bonus Evasion until after the next attack against you?,希望を2消費して、次の自分への攻撃が終わるまで回避値に{bonus}のボーナスを得ますか？,
Spend a handful of gold to gain a +1 bonus to your Proficiency on a damage roll.,一握りの金貨を消費して、ダメージロールの習熟に＋1します。,
Spent,消費済み,
Splendor,スプレンダー,
Spotlight,スポットライト,
Spotlight Combatant,戦闘参加者にスポットライト,
Spotlight Request,スポットライトリクエスト,
Spotlight Request Queue,スポットライトリクエストキュー,
Spotlight Requests,スポットライトリクエスト,
Sprint,疾走する,
Stacking,スタック,
Standard,標準,
Standard Attack,標準攻撃,
Start,開始,
Start a countdown,カウントダウンを開始,
Start Countdown,カウントダウン開始,
Start Formula,開始式,
Start Group Roll,グループロールを開始,
Start Scene,シーン開始,
Start Session,セッション開始,
Start Tag Team Roll,タッグチームロールを開始,
Start Value,開始値,
Start: {value},開始：{value},
Starting Amount,開始量,
Starting Evasion Score,開始回避値,
Starting Hit Points,開始HP,
Starting Items,開始アイテム,
Startle,驚かせる,
Startling,驚愕,
Step,段階,
Story,物語,
STR,STR,
Strength,頑強,
Stress,ストレス,
Stress (Max),ストレス（最大）,
Stress (Min),ストレス（最小）,
Stress Damage Reduction: Any,ストレスによるダメージ軽減：すべて,
Stress Damage Reduction: Major,ストレスによるダメージ軽減：中傷値,
Stress Damage Reduction: Minor,ストレスによるダメージ軽減：軽傷値,
Stress Damage Reduction: Severe,ストレスによるダメージ軽減：重傷値,
Stress Increased: {stress},ストレス上昇：{stress},
Subclass,サブクラス,
Subclasses,サブクラス,
Subject Texture,サブジェクトテクスチャ,
Subtype,サブタイプ,
Success,成功,
Suggested Armor,推奨防具,
Suggested Equipments,推奨装備,
Suggested Primary Weapon,推奨メイン武器,
Suggested Secondary Weapon,推奨サブ武器,
Suggested Traits,推奨特性,
Suggested Weapon,推奨武器,
Summary,要約,
Summary Messages,要約メッセージ,
Summon,召喚,
Summons,召喚,
Support,サポート,
System ruler setup for displaying ranges in Daggerheart,ダガーハートの射程表示用ルーラー設定,
System {type} Sheet,システム{type}シート,
Tag Team,タッグチーム,
Tag Team Roll,タッグチームロール,
Take,取る,
Take an additional domain card of your level or lower from a domain you have access to.,利用できるドメインから、自分のレベル以下の能力カードを追加で1枚取ります。,
Take an upgraded subclass card. Then cross out the multiclass option for this tier.,アップグレードしたサブクラスカードを取ります。その後、このティアのマルチクラス選択肢を消します。,
Take Death Move,デスムーブを行う,
Take Downtime,ダウンタイムを取る,
Target,対象,
Targeted Resource,対象リソース,
Targets,対象,
Temporary,一時的,
Tend to Wounds,傷の手当て,
Texture,テクスチャ,
That action doesn't have remaining uses.,そのアクションの残り使用回数がありません。,
The assigned actor to transform into does not exist. It was probably deleted or moved in/out of a compendium,変身先に指定されたアクターが存在しません。削除されたか、辞典への出し入れで移動した可能性があります,
The Beastform is missing a Beastform Effect. Cannot be used.,ビーストフォームにビーストフォーム効果がありません。使用できません。,
The blade can be hidden in the hilt to avoid detection.,刃を柄に隠して発見を避けられます。,
The card is too high level!,そのカードはレベルが高すぎます！,
The card isn't from one of your class domains.,そのカードはクラスのドメインのものではありません。,
The character already has a beastform applied!,キャラクターにはすでにビーストフォームが適用されています！,
The character already has a class,キャラクターはすでにクラスを持っています,
The character already has a subclass for that class.,そのクラスのサブクラスはすでに持っています。,
The character doesn't have a class and subclass,キャラクターにクラスとサブクラスがありません,
The character is about to make a Death Move,キャラクターはデスムーブを行おうとしています,
The character is dead,キャラクターは死亡しています,
The Character's Tier is used if empty,空の場合はキャラクターのティアが使われます,
The companion needs an assigned partner to level up.,相棒のレベルアップには、担当パートナーの指定が必要です。,
The cost in stress you can pay to reduce incoming damage down one threshold,受けるダメージを1段階下げるために支払えるストレスコスト,
The cost in stress you can pay to reduce major damage down to minor.,中傷値を軽傷値まで下げるために支払えるストレスコスト。,
The cost in stress you can pay to reduce minor damage to none.,軽傷値をなしまで下げるために支払えるストレスコスト。,
The cost in stress you can pay to reduce severe damage down to major.,重傷値を中傷値まで下げるために支払えるストレスコスト。,
The damage has already been reduced to none,ダメージはすでになしまで軽減されています,
The Domain Card is too high level to be selected,その能力カードはレベルが高すぎて選べません,
The experience you are about to remove has levelup data linked to it (assumably because you did levelups with the 'levelupAuto' automation setting on). Removing it will remove this automation data aswell. Do you want to proceed?,削除しようとしている経験にはレベルアップデータが紐づいています（おそらく「levelupAuto」自動化設定をオンにしてレベルアップしたためです）。削除すると、この自動化データも削除されます。続行しますか？,
The fear die rolled higher. You have crossed through the veil of death.,恐怖ダイスのほうが高かった。あなたは死の帳を越えました。,
The Fear pool of the GM.,GMの恐怖プール。,
"The hope die rolled higher, clear up to {hope} Stress And Hit Points.",希望ダイスのほうが高かった。ストレスとHPを最大{hope}まで消せます。,
The Hope value is more than the marked Stress and Hit Points. Both are cleared fully.,希望の値が、マーク済みストレスとHPの合計を上回っています。両方とも完全に消されます。,
The image for the form selected for evolution will be used,進化に選んだ形態の画像が使われます,
The initiating character doesn't have enough hope,開始するキャラクターの希望が足りません,
The item must be from Tier1,アイテムはティア1である必要があります,
The linked actor is missing. You should delete this link.,リンク先のアクターがありません。このリンクを削除してください。,
The linked adversary doesn't exist in the world.,リンクされた敵対者がワールドに存在しません。,
"The Minion move is useful when you want to drop lots of small enemies into the battlefield, knowing the party can swing through them very easily. This move means that if a PC hits one minion and they do enough damage, they also hit a number of others that are in range for them. Because of this, it’s often best to have minions crowd a PC–it will feel overwhelming and dangerous until they’re able to make an attack against them. If you want that cinematic feeling of the PCs taking out waves of enemies with a single attack roll, minions are a great tool to make that happen.",ミニオンのムーブは、小さな敵を戦場に大量に配置し、パーティが簡単に薙ぎ払えるようにしたいときに便利です。PCが1体のミニオンに命中し、十分なダメージを与えた場合、射程内の追加のミニオンにも命中します。そのため、ミニオンでPCを取り囲むと、攻撃できるまでは圧倒的で危険に感じられます。1回の攻撃ロールで敵の波を掃討する映画的な演出をしたいなら、ミニオンは最適な手段です。,
The number of extra Long Rest Moves the character can take during a Long Rest.,大休憩中に追加で行える大休憩ムーブの数。,
The number of extra Long Rest Moves the character can take during a Short Rest.,小休憩中に追加で行える大休憩ムーブの数。,
The number of extra Short Rest Moves the character can take during a Long Rest.,大休憩中に追加で行える小休憩ムーブの数。,
The number of extra Short Rest Moves the character can take during a Short Rest.,小休憩中に追加で行える小休憩ムーブの数。,
The referenced item no longer exists,参照先のアイテムはもう存在しません,
"The Relentless move is useful if you want an adversary you can activate more than once during a single GM move. This is often best for exceedingly fast or dangerous foes, or for adversaries who are likely to be battling the party on their own.",リレントレスのムーブは、1回のGMムーブ中に複数回起動できる敵対者が欲しいときに便利です。非常に速い、あるいは危険な敵や、パーティと単身で戦う敵対者に向いています。,
"The Slow move is useful if you want an adversary who narratively takes longer to act than others, like a slug creature or a massive ogre. This is usually most effective when that creature is very powerful when it does act, but eats up lots of action tokens to do it.",スロウのムーブは、ナメクジのようなクリーチャーや巨大なオーガのように、物語上ほかより行動が遅い敵対者に向いています。実際に動いたときの威力が非常に高く、その代わりにアクショントークンを多く消費する相手に特に有効です。,
The supplied Attribute doesn't exist,指定された能力は存在しません,
The target token no longer exists,対象のトークンはもう存在しません,
The token size used on the canvas,キャンバスで使うトークンサイズ,
The weapon is loaded,武器は装填されています,
The weapon is not a primary weapon!,その武器はメイン武器ではありません！,
The weapon is not a secondary weapon!,その武器はサブ武器ではありません！,
The weapon is not loaded,武器が装填されていません,
The {documentType} is missing from the world.,ワールドに {documentType} がありません。,
The {weapon} must be reloaded to be used!,{weapon} を使うにはリロードが必要です！,
Theme,テーマ,
Then Choose Between,次のいずれかを選ぶ,
There is already a domain with this identification.,この識別子のドメインはすでにあります。,
There is no active scene.,アクティブなシーンがありません。,
There is no assigned actor to transform into,変身先のアクターが指定されていません,
This action requires an online GM,この操作にはオンラインのGMが必要です,
This actor is already registered in the party members list.,このアクターはすでにパーティメンバー一覧に登録されています。,
This adversary is defeated.,この敵対者は撃破されました。,
This armor glows when another creature within Close range tells a lie.,近距離にいる別のクリーチャーが嘘をつくと、この防具が光ります。,
This can only be accessed by the GM,GMのみアクセスできます,
This can only be used with a PC token,PCトークンでのみ使用できます,
This cannot be altered later,後から変更できません,
This countdown is hidden to all players.,このカウントダウンは全プレイヤーに非表示です。,
This countdown is hidden to players except {players}.,このカウントダウンは {players} 以外のプレイヤーには非表示です。,
This domain card requires {nr} {domain} cards in the loadout to be used,この能力カードを使うには、ロードアウトに{domain}カードが{nr}枚必要です,
This feature is used as something else than a Class feature and cannot be used here.,この特徴はクラス特徴以外として使われているため、ここでは使用できません。,
This feature is used as something else than a Foundation feature and cannot be used here.,この特徴は基盤特徴以外として使われているため、ここでは使用できません。,
This feature is used as something else than a Hope feature and cannot be used here.,この特徴は希望特徴以外として使われているため、ここでは使用できません。,
This feature is used as something else than a Mastery feature and cannot be used here.,この特徴は熟達特徴以外として使われているため、ここでは使用できません。,
This feature is used as something else than a Primary feature and cannot be used here.,この特徴は主特徴以外として使われているため、ここでは使用できません。,
This feature is used as something else than a Secondary feature and cannot be used here.,この特徴は副特徴以外として使われているため、ここでは使用できません。,
This feature is used as something else than a Specialization feature and cannot be used here.,この特徴は特化特徴以外として使われているため、ここでは使用できません。,
"This is the domain of charisma. Through rapturous storytelling, clever charm, or a shroud of lies, those who channel this power define the realities of their adversaries, bending perception to their will. Grace offers its wielders raw magnetism and mastery over language.",カリスマのドメインです。熱狂的な語り、巧みな魅力、あるいは嘘の帳を通して、この力を操る者は敵対者の現実を定義し、認識を意のままに曲げます。グレイスは生の磁力と言語の熟達を与えます。,
"This is the domain of intensive magical study. Those who seek magical knowledge turn to the recipes of power recorded in books, on scrolls, etched into walls, or tattooed on bodies. Codex offers a commanding and versatile understanding of magic to those devotees who are willing to seek beyond the common knowledge.",集中的な魔術研究のドメインです。魔術の知識を求める者は、書物、巻物、壁に刻まれたもの、身体に刺青された力の処方に向かいます。コーデックスは、ありふれた知識の先を求める献身者に、統率力があり多彩な魔術の理解を与えます。,
"This is the domain of life. Through this magic, followers gain the ability to heal, though such power also grants the wielder some control over death. Splendor offers its disciples the magnificent ability to both give and end life.",生命のドメインです。この魔術により、従う者は治癒の力を得ますが、その力は死もある程度支配します。スプレンダーは、命を与え、終わらせる壮麗な力を弟子に授けます。,
"This is the domain of mastery of swiftness and tactical mastery. Practitioners of this domain have an uncanny control over their own physical abilities, and an eye for predicting the behaviors of others in combat. Bone grants its adherents unparalleled understanding of bodies and their movements in exchange for diligent training.",俊敏さと戦術の熟達のドメインです。この道を歩む者は、自らの身体能力を驚くほど制御し、戦闘での他者の動きを見抜きます。ボーンは勤勉な鍛錬と引き換えに、身体とその動きについての比類なき理解を与えます。,
"This is the domain of protection. Whether through attack or defense, those who choose this discipline channel formidable strength to protect their allies in battle. Valor offers great power to those who raise their shield in defense of others.",守護のドメインです。攻撃であれ防御であれ、この道を選ぶ者は戦いの中で味方を守る強大な力を導きます。ヴァラーは、他者を守るために盾を掲げる者に大いなる力を与えます。,
"This is the domain of shadows and secrecy. Whether by clever tricks, or cloak of night those who channel these forces are practiced in that art of obscurity and there is nothing hidden they cannot reach. Midnight offers practitioners the incredible power to control and create enigmas.",影と秘密のドメインです。巧妙な策略であれ夜の帳であれ、この力を操る者は隠蔽の技に長け、届かない隠されたものはありません。ミッドナイトは、謎を操り生み出す驚くべき力を与えます。,
"This is the domain of the innate or instinctual use of magic. Those who walk this path tap into the raw, enigmatic forces of the realms to manipulate both the elements and their own energy. Arcana offers wielders a volatile power, but it is incredibly potent when correctly channeled.",生得的・直感的な魔術のドメインです。この道を歩む者は、諸領域の生々しく謎めいた力に触れ、元素と自らのエネルギーを操ります。アルカナは不安定な力ですが、正しく導けば極めて強力です。,
This is the domain of the natural world. Those who walk this path tap into the unfettered power of the earth and its creatures to unleash raw magic. Sage grants its adherents the vitality of a blooming flower and ferocity of a hungry predator.,自然界のドメインです。この道を歩む者は、大地とその生き物の奔放な力に触れ、生の魔術を解き放ちます。セージは、咲き誇る花の生命力と飢えた捕食者の獰猛さを与えます。,
"This is the domain of those who dedicate their lives to the mastery of weapons. Whether by blade, bow, or perhaps a more specialized arm, those who follow this path have the skill to cut short the lives of others. Blade requires study and dedication from its followers, in exchange for inexorable power over death.",武器の熟達に生涯を捧げる者のドメインです。刃、弓、あるいはより特殊な武装であれ、この道を歩む者は他者の命を絶つ技を持ちます。ブレイドは学びと献身を求め、その見返りに死を支配する抗いがたい力を与えます。,
This subclass does not belong to your selected class.,このサブクラスは選択中のクラスに属していません。,
This subclass does not belong to your selected multiclass.,このサブクラスは選択中のマルチクラスに属していません。,
This weapon cuts through solid material.,この武器は固形物を切断します。,
This weapon's attack targets all adversaries in a line within range.,この武器の攻撃は、射程内の一直線上のすべての敵対者を対象にします。,
This will trigger a dialog to players make their downtime moves. Are you sure?,プレイヤーがダウンタイムムーブを行うダイアログを出します。よろしいですか？,
Threshold,しきい値,
Threshold Immunities,しきい値無効,
Threshold Immunities: Minor,しきい値無効：軽傷値,
Tier,ティア,
Tier 1,ティア1,
Tier 2,ティア2,
Tier 3,ティア3,
Tier 4,ティア4,
tier 4,ティア4,
Tier {tier} {type},ティア{tier} {type},
Timebending,時間湾曲,
Timeslowing,時間遅延,
Tinker,いじる,
Tiny,微小,
Title,タイトル,
To Level {level},レベル{level}へ,
To Summary,要約へ,
"To transform a linked actor there either needs to be only a single token of it on the canvas, or you need to left-click select only one of them.",リンクされたアクターを変身させるには、キャンバス上にそのトークンが1つだけあるか、左クリックで1つだけ選択する必要があります。,
Toggle Icon Only,アイコンのみ表示を切り替え,
Toggle Party Sheet,パーティシートを切り替え,
Toggle Simple View,簡易表示を切り替え,
Token Image,トークン画像,
Token Scale,トークンスケール,
Token Size,トークンサイズ,
Token Sizes,トークンサイズ,
Tokens,トークン,
Top + Center,上＋中央,
Total,合計,
Tough adversaries with powerful attacks.,強力な攻撃を持つ頑丈な敵対者。,
Trait,特性,
Trait Bonus,特性ボーナス,
Trait Bonuses,特性ボーナス,
Trait Increases,特性上昇,
Trait Modifier,特性修正,
Trait Roll,特性ロール,
Traits,特性,
Transfer,移す,
Transform,変身,
Transform one actor into another,あるアクターを別のアクターへ変身させる,
Traversal,移動,
Trigger Type,トリガータイプ,
Triggering Actor Type,発動するアクタータイプ,
Triggers,トリガー,
True,はい,
Truthseeking,真実探知,
Two-Handed,両手持ち,
Type,タイプ,
Types,タイプ,
Unarmed,素手,
Unarmed Attack,素手攻撃,
Unarmored,非装甲,
Unconscious,気絶,
Unequip,装備解除,
Unfinished reaction rolls will be considered as failed.,未完了のリアクションロールは失敗とみなされます。,
Use,使う,
Use default Item values,アイテムの既定値を使う,
Use Item,アイテムを使う,
Useable Armor Slots,使用可能な鎧スロット,
Used,使用済み,
Used for custom,カスタム用,
Used Marks,使用したマーク,
User {user} lacks owner permission needed to transfer items to {target},ユーザー {user} には {target} へアイテムを移す所有者権限がありません,
Uses,使用回数,
Uses refresh on {type},使用回数は{type}で回復,
V. Close,至近,
V. Far,超遠,
Valor,ヴァラー,
Value,値,
Variant Rules,選択ルール,
Various settings allowing extensions to types or altered game rules,タイプの拡張やルール変更を可能にする各種設定,
Various settings automating resource management and more,リソース管理などを自動化する各種設定,
Various settings controlling the flow of information to players,プレイヤーへの情報の流れを制御する各種設定,
Vault,保管庫,
Very Close,至近,
Very Far,超遠距離,
Very Heavy,非常に重い,
Vicious,獰猛,
View Full Details,詳細を表示,
View Levelups,レベルアップを見る,
View Party,パーティを見る,
Vulnerable,脆弱,
Vulnerable Automation,脆弱の自動化,
Warded,結界,
Weapon,武器,
Weapon Bond,武器の絆,
Weapon Feature,武器特徴,
Weapon Features,武器特徴,
Weapon Resource,武器リソース,
Weapon Type,武器タイプ,
Weapons,武器,
Wether using armor and reductions has rules on by default,防具と軽減のルールを既定でオンにするか,
"When a character is damaged, uses armor etc, a scrolling text will briefly appear by the token to signify this.",キャラクターがダメージを受けたり防具を使ったりすると、トークン際にスクロールテキストが一瞬表示されます。,
"When an adversary attacks you within Melee range, they mark a Stress.",敵対者が近接射程からあなたを攻撃したとき、相手はストレスを1マークします。,
"When an effect makes a creature Restrained, it means they cannot move until this condition is cleared.
They can still take actions from their current position.","効果がクリーチャーを拘束したとき、この状態が解除されるまで移動できません。
現在位置からの行動は可能です。",
"When there are no other creatures within Close range of the target, gain advantage on your attack roll against them.",対象の近距離に他のクリーチャーがいないとき、その対象への攻撃ロールは有利になります。,
"When this weapon is thrown within its range, it appears in your hand immediately after the attack.",この武器を射程内に投げるとき、攻撃の直後に手元へ戻ります。,
"When you are attacked, roll this weapon's damage dice. If any of the attacker's damage dice rolled the same value as your dice, the matching results are discarded from the attacker's damage dice before the damage you take is totaled.",攻撃を受けたとき、この武器のダメージダイスを振ります。攻撃者のダメージダイスに同じ出目があれば、受けるダメージを合計する前に、一致した出目は攻撃者のダメージダイスから取り除かれます。,
"When you are attacked, you can mark an Armor Slot to gain a bonus to your Evasion equal to your Armor Score against the attack.",攻撃を受けたとき、鎧スロットを1マークして、その攻撃に対する回避値に鎧値に等しいボーナスを得られます。,
"When you are targeted for an attack, you can mark an Armor Slot to give the attack roll against you disadvantage.",攻撃の対象になったとき、鎧スロットを1マークして、自分への攻撃ロールを不利にできます。,
"When you deal Severe damage, the target must mark an additional HP.",重傷値を与えたとき、対象は追加でHPを1マークします。,
"When you level up, record it on your character sheet, then choose two from the list below or any unmarked from the previous tier.",レベルアップしたらキャラクターシートに記録し、以下のリストから2つ、または前のティアの未選択項目から選びます。,
"When you make an attack with your primary weapon, you can deal damage to another target within Melee range.",メイン武器で攻撃するとき、近接射程内の別の対象にもダメージを与えられます。,
"When you make an attack, you can mark a Stress to target another creature within range.",攻撃するとき、ストレスを1マークして射程内の別のクリーチャーも対象にできます。,
"When you mark an Armor Slot, it reduces damage for you and all allies within Melee range of you who took the same damage.",鎧スロットをマークすると、あなたと、同じダメージを受けた近接射程内のすべての味方のダメージが軽減されます。,
"When you mark an Armor Slot, you reduce the severity of an attack by two thresholds instead of one.",鎧スロットをマークすると、攻撃のしきい値を1段階ではなく2段階下げます。,
"When you mark your last Armor Slot, increase your damage thresholds by +2 until you clear at least 1 Armor Slot.",最後の鎧スロットをマークしたとき、鎧スロットを1以上消すまで、ダメージしきい値を＋2します。,
"When you mark your last Hit Point, your companion rushes to your side to comfort you. Roll a number of d6s equal to the unmarked Stress slots they have and mark them. If any roll a 6, your companion helps you up. Clear your last Hit Point and return to the scene.",最後のHPをマークしたとき、相棒が駆け寄りあなたを励まします。相棒の未マークのストレススロット数だけd6を振り、それらをマークします。1つでも6が出れば、相棒があなたを助け起こします。最後のHPを消し、シーンに復帰します。,
"When you roll a 1 on a damage die, it deals 6 damage instead.",ダメージダイスで1が出たとき、代わりに6ダメージを与えます。,
"When you roll a 1 on a damage die, it deals 8 damage instead.",ダメージダイスで1が出たとき、代わりに8ダメージを与えます。,
"When you roll a 6 on a damage die, the target must mark a Stress.",ダメージダイスで6が出たとき、対象はストレスを1マークします。,
"When you roll the maximum value on a damage die, roll an additional damage die.",ダメージダイスが最大値のとき、追加のダメージダイスを振ります。,
"When you would spend a Hope, you can mark an Armor Slot instead.",希望を消費する代わりに、鎧スロットを1マークできます。,
"When you've made your choices and finish levelup, the numerical changes are automatically applied to your character.",選択を終えてレベルアップを完了すると、数値の変更がキャラクターに自動適用されます。,
"When your companion takes damage, you can mark one of your Armor Slots instead of marking one of their Stress.",相棒がダメージを受けたとき、相棒のストレスをマークする代わりに、自分の鎧スロットを1つマークできます。,
"While a creature is Vulnerable, all rolls targeting them have advantage.
A creature who is already Vulnerable can’t be made to take the condition again.","脆弱状態のクリーチャーを対象とするロールはすべて有利になります。
すでに脆弱なクリーチャーに、この状態を重ねて付与することはできません。",
"While Hidden, attacks cannot be made directly targeting them nd any rolls against them are at disadvantage.
When a Hidden creature moves or attacks, they are no longer Hidden. However, if a creature is Hidden when they begin making an attack, the roll has advantage; the Hidden condition isn’t cleared until after the attack is resolved.","隠密中は、直接対象にした攻撃は行えず、そのクリーチャーに対するロールは不利になります。
隠密のクリーチャーが移動または攻撃すると、隠密ではなくなります。ただし、攻撃を始める時点で隠密なら、そのロールは有利になります。隠密状態は攻撃が解決されるまで解除されません。",
Width,幅,
With {thing},{thing}付き,
Within Range,射程内,
Work on a Project,プロジェクトに取り組む,
World Compendiums,ワールド辞典,
Would you like to level up your companion {name} by {levelChange} levels at this time? (You can do it manually later),相棒「{name}」を今{levelChange}レベル分レベルアップしますか？（後から手動でも行えます）,
WR,WR,
You already have a class and multiclass,クラスとマルチクラスをすでに持っています,
You already have a class and multiclass subclass,クラスとマルチクラスのサブクラスをすでに持っています,
You already have a domain card with that name!,その名前の能力カードはすでに持っています！,
You already have that class!,そのクラスはすでに持っています！,
You already have that domain card!,その能力カードはすでに持っています！,
You are adding {class} as your multiclass,{class} をマルチクラスとして追加します,
You are reseting all character data except name and portrait. Are you sure?,名前と肖像以外のキャラクターデータをすべてリセットします。よろしいですか？,
You are skipping the Character Setup by adding this manually. The character setup is the blinking button in the top-right. Are you sure you want to continue?,手動追加によりキャラクターセットアップをスキップしています。セットアップは右上の点滅ボタンです。続行しますか？,
You are using Levelup Auto. You cannot remove an experience given to you by the rule progression.,レベルアップ自動化を使用中です。ルール進行で得た経験は削除できません。,
You can choose the target of your attack after making your attack roll.,攻撃ロールのあとで、攻撃の対象を選べます。,
You can level up,レベルアップできます,
"You can only drag characters, companions and adversaries to the party sheet.",パーティシートにドラッグできるのはキャラクター、相棒、敵対者のみです。,
You can only drop Actor entities to summon.,召喚できるのはアクターエンティティのみです。,
You can only use a transform action from a Token,変身アクションはトークンからのみ使えます,
You can't mark an Armor Slot to reduce magic damage.,魔法ダメージの軽減に鎧スロットは使えません。,
You can't mark an Armor Slot to reduce physical damage.,物理ダメージの軽減に鎧スロットは使えません。,
You cannot lower the character level below starting level,開始レベルより下には下げられません,
You cannot raise the character level past the maximum,キャラクターレベルを最大を超えて上げられません,
You cannot select any more advantages.,これ以上有利を選べません。,
You cannot select any more downtime moves,これ以上ダウンタイムムーブを選べません,
You cannot select any more features.,これ以上特徴を選べません。,
You cannot select the same card more than once.,同じカードを複数回選べません。,
You cannot transform a token with Actor Link set to true,アクターリンクがオンのトークンは変身できません,
You cannot use weapons while in a Beastform.,ビーストフォーム中は武器を使えません。,
You do not have permission to summon tokens or there is no active scene.,トークンを召喚する権限がないか、アクティブなシーンがありません。,
You do not have permissions for this character,このキャラクターの権限がありません,
You don't have a class selected yet.,まだクラスが選ばれていません。,
You don't have access to that Domain,そのドメインにはアクセスできません,
You don't have enough advancements left.,残りの成長選択が足りません。,
You don't have enough resources to use that action.,そのアクションを使うリソースが足りません。,
You don't have enough stress,ストレスが足りません,
You don't need to expend stress,ストレスを消費する必要はありません,
You gain a +2 bonus to rolls you make to move silently.,静かに移動するロールに＋2を得ます。,
You gained a scar.,傷跡を得ました。,
You have avoided a new scar.,新たな傷跡を免れました。,
You have no assigned character.,担当キャラクターがありません。,
You have no more available armor marks,使える鎧マークが残っていません,
You have no selected token,選択中のトークンがありません,
You have {scars} Scars and have crossed out your last Hope slot. Your character's journey ends.,傷跡が{scars}あり、最後の希望スロットを消しました。キャラクターの旅は終わります。,
You must have a Presence of 0 or lower to use this weapon.,この武器を使うには、社交が0以下である必要があります。,
"You prepare with one or more members of your party, and you each gain 2 Hope.",パーティの1人以上と一緒に備え、各自希望を2得ます。,
You reduce incoming magic damage by your Armor Score before applying it to your damage thresholds.,受ける魔法ダメージを、ダメージしきい値に適用する前に鎧値分軽減します。,
You refreshed all actions and resources {types},すべてのアクションとリソース {types} を回復しました,
You've reached the maximum domains for the class. Increase the limit in homebrew settings if desired.,クラスのドメイン上限に達しています。必要ならホームブルー設定で上限を上げてください。,
"You've reached the maximum loadout size. To add more, move at least one domain card to the vault.",ロードアウトの上限に達しています。追加するには、能力カードを1枚以上保管庫へ移してください。,
Your ancestry's name,種族の名前,
"Your character avoids death and faces the consequences. They temporarily drop unconscious, and then you work with the GM to describe how the situation worsens. While unconscious, your character can't move or act, and they can't be targeted by an attack. They return to consciousness when an ally clears 1 or more of their marked Hit Points or when the party finishes a long rest. After your character falls unconscious, roll your Hope Die. If its value is equal to or less than your character's level, they gain a scar: permanently cross out a Hope slot and work with the GM to determine its lasting narrative impact and how, if possible, it can be restored. If you ever cross out your last Hope slot, your character's journey ends.",キャラクターは死を免れ、その代償を負います。一時的に気絶し、状況がどう悪化するかをGMと一緒に描写します。気絶中は移動も行動もできず、攻撃の対象にもなりません。味方がマーク済みHPを1以上消すか、パーティが大休憩を終えたときに意識を取り戻します。気絶したあと、希望ダイスを振ります。出目がキャラクターのレベル以下なら、傷跡を得ます。希望スロットを1つ永久に消し、その物語的な影響と、可能ならどう回復できるかをGMと決めます。最後の希望スロットを消した場合、そのキャラクターの旅は終わります。,
"Your character can’t move or act while unconscious, they can’t be targeted by an attack.",気絶中、キャラクターは移動も行動もできず、攻撃の対象にもなりません。,
Your character doesn't have the domain of the card!,キャラクターはそのカードのドメインを持っていません！,
"Your character embraces death and goes out in a blaze of glory. Take one final action. It automatically critically succeeds (with GM approval), and then you cross through the veil of death. NOTE: A Blaze of Glory effect has been added to your character. Any Duality Roll will automatically be a critical.",キャラクターは死を受け入れ、栄光の炎の中で散ります。最後の行動を1つ行います。それは（GMの承認のもと）自動的にクリティカル成功となり、その後死の帳を越えます。注：栄光の炎の効果がキャラクターに追加されています。あらゆるデュアリティロールは自動的にクリティカルになります。,
Your character has no class selected!,キャラクターにクラスが選ばれていません！,
Your companion gains a permanent +1 bonus to a Companion Experience of your choice.,相棒は、選んだ相棒経験に永続＋1を得ます。,
Your companion gains a permanent +2 bonus to their Evasion.,相棒は回避値に永続＋2を得ます。,
Your companion gains an additional Stress slot.,相棒はストレススロットを1つ追加で得ます。,
Your Evasion base is set on your class. This is the increase ontop of that.,回避値の基本値はクラスで決まります。これはその上乗せ分です。,
Your evasion is increased by {bonus}. This bonus lasts until after the next attack made against you.,回避値が{bonus}増加します。このボーナスは、次に自分への攻撃が解決されるまで続きます。,
Your max HP base is set on your class. This is the increase ontop of that.,最大HPの基本値はクラスで決まります。これはその上乗せ分です。,
Your selected dice {system} does not have a {faces} dice,選択中のダイス {system} には {faces} 面ダイスがありません,
{ability} Roll,{ability}ロール,
{actor} - Character Setup,{actor} - キャラクターセットアップ,
{actor} - Death Move,{actor} - デスムーブ,
{actor} Level Up,{actor} レベルアップ,
{actor} Level Up (View Mode),{actor} レベルアップ（閲覧モード）,
{character} did not take damage,{character} はダメージを受けませんでした,
{class}'s Hope Feature,{class}の希望特徴,
{community} {ancestry} | {subclass} {class},{community} {ancestry} | {subclass} {class},
{domain} level {level} or below,{domain} レベル{level}以下,
{name} - Risk It All,{name} - すべてを賭ける,
{name} is missing an Actor,{name} にアクターがありません,
{name} Resource,{name}リソース,
{roll} Roll,{roll}ロール,
{things} and {thing},{things}と{thing},
{threshold} Damage Threshold,{threshold}ダメージしきい値,
{total} Selected,{total}件選択,
{trigger} trigger on {item}({itemUuid}) failed for {actor}. It's probably configured wrong.,{actor} の {item}({itemUuid}) のトリガー「{trigger}」が失敗しました。設定が誤っている可能性があります。,
{type} Countdowns,{type}カウントダウン,
{type} Resources,{type}リソース,
{user} rerolled their {name},{user} が {name} を振り直しました,
